{
  "hash": "6f474e0c",
  "configHash": "7fa8d7b1",
  "lockfileHash": "05a975d7",
  "browserHash": "d7ab5f65",
  "optimized": {
    "@angular/core": {
      "src": "../../../../../node_modules/@angular/core/fesm2022/core.mjs",
      "file": "@angular_core.js",
      "fileHash": "9470ec1a",
      "needsInterop": false
    },
    "@angular/platform-browser": {
      "src": "../../../../../node_modules/@angular/platform-browser/fesm2022/platform-browser.mjs",
      "file": "@angular_platform-browser.js",
      "fileHash": "d8c7fa18",
      "needsInterop": false
    },
    "@angular/router": {
      "src": "../../../../../node_modules/@angular/router/fesm2022/router.mjs",
      "file": "@angular_router.js",
      "fileHash": "1b8e8875",
      "needsInterop": false
    }
  },
  "chunks": {
    "chunk-L6VIMCJS": {
      "file": "chunk-L6VIMCJS.js"
    },
    "chunk-5FUJWLSI": {
      "file": "chunk-5FUJWLSI.js"
    }
  }
}